House ID,House Name,Location,Size,Number of Bathroom,Price,Material,Adoptable Design,Customizable Features,Eco-friendly living Features,
112,Sasi home,bengaluru,1200,4,"80,00,000","Steel,fiber-cement,Tilt-up concrete Panels","Smart building systems,multiuse areas","Solar panels, energy efficient",,"High quality Insulation, Rain water Harvesting system ,Grey water Recycling"
115,Navi home,bengaluru,1600,5,"90,00,000","Steel,fiber-cement,Tilt-up concrete Panels","Smart building systems,multiuse areas","Solar panels, energy efficient",,"High quality Insulation, Rain water Harvesting system ,Grey water Recycling"
119,Duv home,bengaluru,1100,3,"70,00,000","Steel,fiber-cement,Tilt-up concrete Panels","Smart building systems,multiuse areas","Solar panels, energy efficient","High quality Insulation, Rain water Harvesting system ,Grey water Recycling",
200,guyan home,bengaluru,1600,6,"1,00,00,000","Steel,fiber-cement,Tilt-up concrete Panels","Smart building systems,multiuse areas","Solar panels, energy efficient","High quality Insulation, Rain water Harvesting system ,Grey water Recycling",
