<?xml version="1.0"?>
<?mso-application progid="Excel.Sheet"?>
<Workbook xmlns="urn:schemas-microsoft-com:office:spreadsheet"
 xmlns:o="urn:schemas-microsoft-com:office:office"
 xmlns:x="urn:schemas-microsoft-com:office:excel"
 xmlns:dt="uuid:C2F41010-65B3-11d1-A29F-00AA00C14882"
 xmlns:ss="urn:schemas-microsoft-com:office:spreadsheet"
 xmlns:html="http://www.w3.org/TR/REC-html40">
 <DocumentProperties xmlns="urn:schemas-microsoft-com:office:office">
  <Author>Katamgari Yakobu</Author>
  <Keywords>xml 5</Keywords>
  <LastAuthor>Katamgari Yakobu</LastAuthor>
  <Created>2023-11-09T13:38:22Z</Created>
  <Version>16.00</Version>
 </DocumentProperties>
 <CustomDocumentProperties xmlns="urn:schemas-microsoft-com:office:office">
  <MSIP_Label_a0819fa7-4367-4500-ba88-dd630d977609_Enabled dt:dt="string">true</MSIP_Label_a0819fa7-4367-4500-ba88-dd630d977609_Enabled>
  <MSIP_Label_a0819fa7-4367-4500-ba88-dd630d977609_SetDate dt:dt="string">2023-11-09T13:37:56Z</MSIP_Label_a0819fa7-4367-4500-ba88-dd630d977609_SetDate>
  <MSIP_Label_a0819fa7-4367-4500-ba88-dd630d977609_Method dt:dt="string">Standard</MSIP_Label_a0819fa7-4367-4500-ba88-dd630d977609_Method>
  <MSIP_Label_a0819fa7-4367-4500-ba88-dd630d977609_Name dt:dt="string">a0819fa7-4367-4500-ba88-dd630d977609</MSIP_Label_a0819fa7-4367-4500-ba88-dd630d977609_Name>
  <MSIP_Label_a0819fa7-4367-4500-ba88-dd630d977609_SiteId dt:dt="string">63ce7d59-2f3e-42cd-a8cc-be764cff5eb6</MSIP_Label_a0819fa7-4367-4500-ba88-dd630d977609_SiteId>
  <MSIP_Label_a0819fa7-4367-4500-ba88-dd630d977609_ActionId dt:dt="string">0880d7a9-3c11-495f-9325-c3d94caac1d6</MSIP_Label_a0819fa7-4367-4500-ba88-dd630d977609_ActionId>
  <MSIP_Label_a0819fa7-4367-4500-ba88-dd630d977609_ContentBits dt:dt="string">0</MSIP_Label_a0819fa7-4367-4500-ba88-dd630d977609_ContentBits>
 </CustomDocumentProperties>
 <OfficeDocumentSettings xmlns="urn:schemas-microsoft-com:office:office">
  <AllowPNG/>
 </OfficeDocumentSettings>
 <ExcelWorkbook xmlns="urn:schemas-microsoft-com:office:excel">
  <WindowHeight>6510</WindowHeight>
  <WindowWidth>19200</WindowWidth>
  <WindowTopX>32767</WindowTopX>
  <WindowTopY>32767</WindowTopY>
  <ProtectStructure>False</ProtectStructure>
  <ProtectWindows>False</ProtectWindows>
 </ExcelWorkbook>
 <Styles>
  <Style ss:ID="Default" ss:Name="Normal">
   <Alignment ss:Vertical="Bottom"/>
   <Borders/>
   <Font ss:FontName="Calibri" x:Family="Swiss" ss:Size="11" ss:Color="#000000"/>
   <Interior/>
   <NumberFormat/>
   <Protection/>
  </Style>
 </Styles>
 <Worksheet ss:Name="Entity 5">
  <Table ss:ExpandedColumnCount="7" ss:ExpandedRowCount="5" x:FullColumns="1"
   x:FullRows="1" ss:DefaultRowHeight="14.5">
   <Row>
    <Cell><Data ss:Type="String">Supplier Name</Data></Cell>
    <Cell><Data ss:Type="String">Quality</Data></Cell>
    <Cell><Data ss:Type="String">Location</Data></Cell>
    <Cell><Data ss:Type="String">Phone Number</Data></Cell>
    <Cell><Data ss:Type="String">Contact Number</Data></Cell>
    <Cell><Data ss:Type="String">Supplier Details</Data></Cell>
   </Row>
   <Row>
    <Cell><Data ss:Type="String">Mohan</Data></Cell>
    <Cell><Data ss:Type="String">Good</Data></Cell>
    <Cell><Data ss:Type="String">Chennai</Data></Cell>
    <Cell><Data ss:Type="Number">745878593</Data></Cell>
    <Cell><Data ss:Type="Number">4765737639</Data></Cell>
    <Cell><Data ss:Type="String">Mohan, owner of ikea company</Data></Cell>
   </Row>
   <Row>
    <Cell><Data ss:Type="String">Ganesh</Data></Cell>
    <Cell><Data ss:Type="String">Good</Data></Cell>
    <Cell><Data ss:Type="String">Hyderabad</Data></Cell>
    <Cell><Data ss:Type="Number">3767465784</Data></Cell>
    <Cell><Data ss:Type="Number">3754745894</Data></Cell>
    <Cell><Data ss:Type="String">Ganesh,owner of javanti company</Data></Cell>
   </Row>
   <Row>
    <Cell><Data ss:Type="String">Linguswamy</Data></Cell>
    <Cell><Data ss:Type="String"> Good</Data></Cell>
    <Cell><Data ss:Type="String">Chennai</Data></Cell>
    <Cell><Data ss:Type="Number">47645697339</Data></Cell>
    <Cell><Data ss:Type="Number">4756734689</Data></Cell>
    <Cell><Data ss:Type="String">linguswamy,owner of Nuteel company</Data></Cell>
   </Row>
   <Row>
    <Cell><Data ss:Type="String">Sarath</Data></Cell>
    <Cell><Data ss:Type="String">Good</Data></Cell>
    <Cell><Data ss:Type="String">Andhra pradesh</Data></Cell>
    <Cell><Data ss:Type="Number">3476584764</Data></Cell>
    <Cell><Data ss:Type="Number">4774747548</Data></Cell>
    <Cell><Data ss:Type="String">Ambuja , owner of </Data></Cell>
    <Cell><Data ss:Type="String">Owner of Ambuja company</Data></Cell>
   </Row>
  </Table>
  <WorksheetOptions xmlns="urn:schemas-microsoft-com:office:excel">
   <PageSetup>
    <Header x:Margin="0.3"/>
    <Footer x:Margin="0.3"/>
    <PageMargins x:Bottom="0.75" x:Left="0.7" x:Right="0.7" x:Top="0.75"/>
   </PageSetup>
   <Selected/>
   <ProtectObjects>False</ProtectObjects>
   <ProtectScenarios>False</ProtectScenarios>
  </WorksheetOptions>
 </Worksheet>
</Workbook>
