<?xml version="1.0"?>
<?mso-application progid="Excel.Sheet"?>
<Workbook xmlns="urn:schemas-microsoft-com:office:spreadsheet"
 xmlns:o="urn:schemas-microsoft-com:office:office"
 xmlns:x="urn:schemas-microsoft-com:office:excel"
 xmlns:dt="uuid:C2F41010-65B3-11d1-A29F-00AA00C14882"
 xmlns:ss="urn:schemas-microsoft-com:office:spreadsheet"
 xmlns:html="http://www.w3.org/TR/REC-html40">
 <DocumentProperties xmlns="urn:schemas-microsoft-com:office:office">
  <Author>Katamgari Yakobu</Author>
  <Keywords>xml 4</Keywords>
  <LastAuthor>Katamgari Yakobu</LastAuthor>
  <Created>2023-11-09T13:37:38Z</Created>
  <Version>16.00</Version>
 </DocumentProperties>
 <CustomDocumentProperties xmlns="urn:schemas-microsoft-com:office:office">
  <MSIP_Label_a0819fa7-4367-4500-ba88-dd630d977609_Enabled dt:dt="string">true</MSIP_Label_a0819fa7-4367-4500-ba88-dd630d977609_Enabled>
  <MSIP_Label_a0819fa7-4367-4500-ba88-dd630d977609_SetDate dt:dt="string">2023-11-09T13:37:14Z</MSIP_Label_a0819fa7-4367-4500-ba88-dd630d977609_SetDate>
  <MSIP_Label_a0819fa7-4367-4500-ba88-dd630d977609_Method dt:dt="string">Standard</MSIP_Label_a0819fa7-4367-4500-ba88-dd630d977609_Method>
  <MSIP_Label_a0819fa7-4367-4500-ba88-dd630d977609_Name dt:dt="string">a0819fa7-4367-4500-ba88-dd630d977609</MSIP_Label_a0819fa7-4367-4500-ba88-dd630d977609_Name>
  <MSIP_Label_a0819fa7-4367-4500-ba88-dd630d977609_SiteId dt:dt="string">63ce7d59-2f3e-42cd-a8cc-be764cff5eb6</MSIP_Label_a0819fa7-4367-4500-ba88-dd630d977609_SiteId>
  <MSIP_Label_a0819fa7-4367-4500-ba88-dd630d977609_ActionId dt:dt="string">2e5e0a71-982d-41a4-b1d9-6e20226b4189</MSIP_Label_a0819fa7-4367-4500-ba88-dd630d977609_ActionId>
  <MSIP_Label_a0819fa7-4367-4500-ba88-dd630d977609_ContentBits dt:dt="string">0</MSIP_Label_a0819fa7-4367-4500-ba88-dd630d977609_ContentBits>
 </CustomDocumentProperties>
 <OfficeDocumentSettings xmlns="urn:schemas-microsoft-com:office:office">
  <AllowPNG/>
 </OfficeDocumentSettings>
 <ExcelWorkbook xmlns="urn:schemas-microsoft-com:office:excel">
  <WindowHeight>6510</WindowHeight>
  <WindowWidth>19200</WindowWidth>
  <WindowTopX>32767</WindowTopX>
  <WindowTopY>32767</WindowTopY>
  <ProtectStructure>False</ProtectStructure>
  <ProtectWindows>False</ProtectWindows>
 </ExcelWorkbook>
 <Styles>
  <Style ss:ID="Default" ss:Name="Normal">
   <Alignment ss:Vertical="Bottom"/>
   <Borders/>
   <Font ss:FontName="Calibri" x:Family="Swiss" ss:Size="11" ss:Color="#000000"/>
   <Interior/>
   <NumberFormat/>
   <Protection/>
  </Style>
 </Styles>
 <Worksheet ss:Name="Entity 4">
  <Table ss:ExpandedColumnCount="7" ss:ExpandedRowCount="5" x:FullColumns="1"
   x:FullRows="1" ss:DefaultRowHeight="14.5">
   <Row>
    <Cell><Data ss:Type="String">Resident ID</Data></Cell>
    <Cell><Data ss:Type="String">Name</Data></Cell>
    <Cell><Data ss:Type="String">Age</Data></Cell>
    <Cell><Data ss:Type="String">Gender</Data></Cell>
    <Cell><Data ss:Type="String">Contact Information</Data></Cell>
    <Cell><Data ss:Type="String">Emergency Cintact Number</Data></Cell>
    <Cell><Data ss:Type="String">House ID</Data></Cell>
   </Row>
   <Row>
    <Cell><Data ss:Type="Number">1133457</Data></Cell>
    <Cell><Data ss:Type="String">Shali home</Data></Cell>
    <Cell><Data ss:Type="Number">35</Data></Cell>
    <Cell><Data ss:Type="String">Female</Data></Cell>
    <Cell><Data ss:Type="Number">8475487567</Data></Cell>
    <Cell><Data ss:Type="Number">3644646463</Data></Cell>
    <Cell><Data ss:Type="Number">129</Data></Cell>
   </Row>
   <Row>
    <Cell><Data ss:Type="Number">1425536</Data></Cell>
    <Cell><Data ss:Type="String">Fazi home</Data></Cell>
    <Cell><Data ss:Type="Number">64</Data></Cell>
    <Cell><Data ss:Type="String">Male</Data></Cell>
    <Cell><Data ss:Type="Number">6425373473</Data></Cell>
    <Cell><Data ss:Type="Number">9986857493</Data></Cell>
    <Cell><Data ss:Type="Number">122</Data></Cell>
   </Row>
   <Row>
    <Cell><Data ss:Type="Number">1724466</Data></Cell>
    <Cell><Data ss:Type="String">shalu home</Data></Cell>
    <Cell><Data ss:Type="Number">23</Data></Cell>
    <Cell><Data ss:Type="String">Female</Data></Cell>
    <Cell><Data ss:Type="Number">4657634793</Data></Cell>
    <Cell><Data ss:Type="Number">3467538398</Data></Cell>
    <Cell><Data ss:Type="Number">128</Data></Cell>
   </Row>
   <Row>
    <Cell><Data ss:Type="Number">3465346</Data></Cell>
    <Cell><Data ss:Type="String">mani home</Data></Cell>
    <Cell><Data ss:Type="Number">24</Data></Cell>
    <Cell><Data ss:Type="String">Female</Data></Cell>
    <Cell><Data ss:Type="Number">3544654764</Data></Cell>
    <Cell><Data ss:Type="Number">6364536763</Data></Cell>
    <Cell><Data ss:Type="Number">143</Data></Cell>
   </Row>
  </Table>
  <WorksheetOptions xmlns="urn:schemas-microsoft-com:office:excel">
   <PageSetup>
    <Header x:Margin="0.3"/>
    <Footer x:Margin="0.3"/>
    <PageMargins x:Bottom="0.75" x:Left="0.7" x:Right="0.7" x:Top="0.75"/>
   </PageSetup>
   <Selected/>
   <ProtectObjects>False</ProtectObjects>
   <ProtectScenarios>False</ProtectScenarios>
  </WorksheetOptions>
 </Worksheet>
</Workbook>
