<?xml version="1.0"?>
<?mso-application progid="Excel.Sheet"?>
<Workbook xmlns="urn:schemas-microsoft-com:office:spreadsheet"
 xmlns:o="urn:schemas-microsoft-com:office:office"
 xmlns:x="urn:schemas-microsoft-com:office:excel"
 xmlns:dt="uuid:C2F41010-65B3-11d1-A29F-00AA00C14882"
 xmlns:ss="urn:schemas-microsoft-com:office:spreadsheet"
 xmlns:html="http://www.w3.org/TR/REC-html40">
 <DocumentProperties xmlns="urn:schemas-microsoft-com:office:office">
  <Author>Katamgari Yakobu</Author>
  <Keywords>xml 3</Keywords>
  <LastAuthor>Katamgari Yakobu</LastAuthor>
  <Created>2023-11-09T13:36:53Z</Created>
  <Version>16.00</Version>
 </DocumentProperties>
 <CustomDocumentProperties xmlns="urn:schemas-microsoft-com:office:office">
  <MSIP_Label_a0819fa7-4367-4500-ba88-dd630d977609_Enabled dt:dt="string">true</MSIP_Label_a0819fa7-4367-4500-ba88-dd630d977609_Enabled>
  <MSIP_Label_a0819fa7-4367-4500-ba88-dd630d977609_SetDate dt:dt="string">2023-11-09T13:36:21Z</MSIP_Label_a0819fa7-4367-4500-ba88-dd630d977609_SetDate>
  <MSIP_Label_a0819fa7-4367-4500-ba88-dd630d977609_Method dt:dt="string">Standard</MSIP_Label_a0819fa7-4367-4500-ba88-dd630d977609_Method>
  <MSIP_Label_a0819fa7-4367-4500-ba88-dd630d977609_Name dt:dt="string">a0819fa7-4367-4500-ba88-dd630d977609</MSIP_Label_a0819fa7-4367-4500-ba88-dd630d977609_Name>
  <MSIP_Label_a0819fa7-4367-4500-ba88-dd630d977609_SiteId dt:dt="string">63ce7d59-2f3e-42cd-a8cc-be764cff5eb6</MSIP_Label_a0819fa7-4367-4500-ba88-dd630d977609_SiteId>
  <MSIP_Label_a0819fa7-4367-4500-ba88-dd630d977609_ActionId dt:dt="string">978e060b-b024-48fc-9ef6-98754e64aed0</MSIP_Label_a0819fa7-4367-4500-ba88-dd630d977609_ActionId>
  <MSIP_Label_a0819fa7-4367-4500-ba88-dd630d977609_ContentBits dt:dt="string">0</MSIP_Label_a0819fa7-4367-4500-ba88-dd630d977609_ContentBits>
 </CustomDocumentProperties>
 <OfficeDocumentSettings xmlns="urn:schemas-microsoft-com:office:office">
  <AllowPNG/>
 </OfficeDocumentSettings>
 <ExcelWorkbook xmlns="urn:schemas-microsoft-com:office:excel">
  <WindowHeight>3660</WindowHeight>
  <WindowWidth>14180</WindowWidth>
  <WindowTopX>32767</WindowTopX>
  <WindowTopY>32767</WindowTopY>
  <ProtectStructure>False</ProtectStructure>
  <ProtectWindows>False</ProtectWindows>
 </ExcelWorkbook>
 <Styles>
  <Style ss:ID="Default" ss:Name="Normal">
   <Alignment ss:Vertical="Bottom"/>
   <Borders/>
   <Font ss:FontName="Calibri" x:Family="Swiss" ss:Size="11" ss:Color="#000000"/>
   <Interior/>
   <NumberFormat/>
   <Protection/>
  </Style>
  <Style ss:ID="s62">
   <NumberFormat ss:Format="Short Date"/>
  </Style>
 </Styles>
 <Worksheet ss:Name="Entity 3">
  <Table ss:ExpandedColumnCount="6" ss:ExpandedRowCount="5" x:FullColumns="1"
   x:FullRows="1" ss:DefaultRowHeight="14.5">
   <Row>
    <Cell><Data ss:Type="String">Maintaince Request ID</Data></Cell>
    <Cell><Data ss:Type="String">House ID</Data></Cell>
    <Cell><Data ss:Type="String"> Description</Data></Cell>
    <Cell><Data ss:Type="String">Assigned Technician</Data></Cell>
    <Cell><Data ss:Type="String">Completion Date</Data></Cell>
    <Cell><Data ss:Type="String">Priority</Data></Cell>
   </Row>
   <Row>
    <Cell><Data ss:Type="Number">11678</Data></Cell>
    <Cell><Data ss:Type="Number">112</Data></Cell>
    <Cell><Data ss:Type="String">Wall Cracks</Data></Cell>
    <Cell><Data ss:Type="String">Manoj</Data></Cell>
    <Cell ss:StyleID="s62"><Data ss:Type="DateTime">2024-01-01T00:00:00.000</Data></Cell>
    <Cell><Data ss:Type="String">High</Data></Cell>
   </Row>
   <Row>
    <Cell><Data ss:Type="Number">11765</Data></Cell>
    <Cell><Data ss:Type="Number">119</Data></Cell>
    <Cell><Data ss:Type="String">Inside House issue</Data></Cell>
    <Cell><Data ss:Type="String">Ajay</Data></Cell>
    <Cell ss:StyleID="s62"><Data ss:Type="DateTime">2023-12-12T00:00:00.000</Data></Cell>
    <Cell><Data ss:Type="String">medium</Data></Cell>
   </Row>
   <Row>
    <Cell><Data ss:Type="Number">11746</Data></Cell>
    <Cell><Data ss:Type="Number">118</Data></Cell>
    <Cell><Data ss:Type="String">Water Leaking </Data></Cell>
    <Cell><Data ss:Type="String">yakob</Data></Cell>
    <Cell ss:StyleID="s62"><Data ss:Type="DateTime">2023-11-25T00:00:00.000</Data></Cell>
    <Cell><Data ss:Type="String">Low</Data></Cell>
   </Row>
   <Row>
    <Cell><Data ss:Type="Number">12345</Data></Cell>
    <Cell><Data ss:Type="Number">115</Data></Cell>
    <Cell><Data ss:Type="String">Electricity problem</Data></Cell>
    <Cell><Data ss:Type="String">Ananth</Data></Cell>
    <Cell ss:StyleID="s62"><Data ss:Type="DateTime">2023-12-28T00:00:00.000</Data></Cell>
    <Cell><Data ss:Type="String">High</Data></Cell>
   </Row>
  </Table>
  <WorksheetOptions xmlns="urn:schemas-microsoft-com:office:excel">
   <PageSetup>
    <Header x:Margin="0.3"/>
    <Footer x:Margin="0.3"/>
    <PageMargins x:Bottom="0.75" x:Left="0.7" x:Right="0.7" x:Top="0.75"/>
   </PageSetup>
   <Selected/>
   <ProtectObjects>False</ProtectObjects>
   <ProtectScenarios>False</ProtectScenarios>
  </WorksheetOptions>
 </Worksheet>
</Workbook>
