<?xml version="1.0"?>
<?mso-application progid="Excel.Sheet"?>
<Workbook xmlns="urn:schemas-microsoft-com:office:spreadsheet"
 xmlns:o="urn:schemas-microsoft-com:office:office"
 xmlns:x="urn:schemas-microsoft-com:office:excel"
 xmlns:dt="uuid:C2F41010-65B3-11d1-A29F-00AA00C14882"
 xmlns:ss="urn:schemas-microsoft-com:office:spreadsheet"
 xmlns:html="http://www.w3.org/TR/REC-html40">
 <DocumentProperties xmlns="urn:schemas-microsoft-com:office:office">
  <Author>Katamgari Yakobu</Author>
  <Keywords>#xml2</Keywords>
  <LastAuthor>Katamgari Yakobu</LastAuthor>
  <Created>2023-11-09T13:35:35Z</Created>
  <Version>16.00</Version>
 </DocumentProperties>
 <CustomDocumentProperties xmlns="urn:schemas-microsoft-com:office:office">
  <MSIP_Label_a0819fa7-4367-4500-ba88-dd630d977609_Enabled dt:dt="string">true</MSIP_Label_a0819fa7-4367-4500-ba88-dd630d977609_Enabled>
  <MSIP_Label_a0819fa7-4367-4500-ba88-dd630d977609_SetDate dt:dt="string">2023-11-09T13:34:54Z</MSIP_Label_a0819fa7-4367-4500-ba88-dd630d977609_SetDate>
  <MSIP_Label_a0819fa7-4367-4500-ba88-dd630d977609_Method dt:dt="string">Standard</MSIP_Label_a0819fa7-4367-4500-ba88-dd630d977609_Method>
  <MSIP_Label_a0819fa7-4367-4500-ba88-dd630d977609_Name dt:dt="string">a0819fa7-4367-4500-ba88-dd630d977609</MSIP_Label_a0819fa7-4367-4500-ba88-dd630d977609_Name>
  <MSIP_Label_a0819fa7-4367-4500-ba88-dd630d977609_SiteId dt:dt="string">63ce7d59-2f3e-42cd-a8cc-be764cff5eb6</MSIP_Label_a0819fa7-4367-4500-ba88-dd630d977609_SiteId>
  <MSIP_Label_a0819fa7-4367-4500-ba88-dd630d977609_ActionId dt:dt="string">1eac4f03-3e22-41d1-88ca-91b9c9221565</MSIP_Label_a0819fa7-4367-4500-ba88-dd630d977609_ActionId>
  <MSIP_Label_a0819fa7-4367-4500-ba88-dd630d977609_ContentBits dt:dt="string">0</MSIP_Label_a0819fa7-4367-4500-ba88-dd630d977609_ContentBits>
 </CustomDocumentProperties>
 <OfficeDocumentSettings xmlns="urn:schemas-microsoft-com:office:office">
  <AllowPNG/>
 </OfficeDocumentSettings>
 <ExcelWorkbook xmlns="urn:schemas-microsoft-com:office:excel">
  <WindowHeight>6510</WindowHeight>
  <WindowWidth>19200</WindowWidth>
  <WindowTopX>32767</WindowTopX>
  <WindowTopY>32767</WindowTopY>
  <ProtectStructure>False</ProtectStructure>
  <ProtectWindows>False</ProtectWindows>
 </ExcelWorkbook>
 <Styles>
  <Style ss:ID="Default" ss:Name="Normal">
   <Alignment ss:Vertical="Bottom"/>
   <Borders/>
   <Font ss:FontName="Calibri" x:Family="Swiss" ss:Size="11" ss:Color="#000000"/>
   <Interior/>
   <NumberFormat/>
   <Protection/>
  </Style>
 </Styles>
 <Worksheet ss:Name="Entity 1 ">
  <Table ss:ExpandedColumnCount="5" ss:ExpandedRowCount="5" x:FullColumns="1"
   x:FullRows="1" ss:DefaultRowHeight="14.5">
   <Row>
    <Cell><Data ss:Type="String">Company Name</Data></Cell>
    <Cell><Data ss:Type="String">Location</Data></Cell>
    <Cell><Data ss:Type="String">Contact Number</Data></Cell>
    <Cell><Data ss:Type="String">E-mail ID</Data></Cell>
    <Cell><Data ss:Type="String">Established Year</Data></Cell>
   </Row>
   <Row>
    <Cell><Data ss:Type="String">Buiding for Resiliance</Data></Cell>
    <Cell><Data ss:Type="String">America</Data></Cell>
    <Cell><Data ss:Type="Number">9111445233</Data></Cell>
    <Cell><Data ss:Type="String">Buildforresiliance@outlook.com</Data></Cell>
    <Cell><Data ss:Type="Number">1999</Data></Cell>
   </Row>
   <Row>
    <Cell><Data ss:Type="String">Satvya</Data></Cell>
    <Cell><Data ss:Type="String">India</Data></Cell>
    <Cell><Data ss:Type="Number">8873846637</Data></Cell>
    <Cell><Data ss:Type="String">satvyaconsturctor@outlook.com</Data></Cell>
    <Cell><Data ss:Type="Number">1899</Data></Cell>
   </Row>
   <Row>
    <Cell><Data ss:Type="String">Prestiage</Data></Cell>
    <Cell><Data ss:Type="String">india</Data></Cell>
    <Cell><Data ss:Type="Number">3648764394</Data></Cell>
    <Cell><Data ss:Type="String">prestagebuliders@outlook.com</Data></Cell>
    <Cell><Data ss:Type="Number">1978</Data></Cell>
   </Row>
   <Row>
    <Cell><Data ss:Type="String">j.p morgan </Data></Cell>
    <Cell><Data ss:Type="String">india</Data></Cell>
    <Cell><Data ss:Type="Number">8256385644</Data></Cell>
    <Cell><Data ss:Type="String">morganforbuilders@outlook.com</Data></Cell>
    <Cell><Data ss:Type="Number">1886</Data></Cell>
   </Row>
  </Table>
  <WorksheetOptions xmlns="urn:schemas-microsoft-com:office:excel">
   <PageSetup>
    <Header x:Margin="0.3"/>
    <Footer x:Margin="0.3"/>
    <PageMargins x:Bottom="0.75" x:Left="0.7" x:Right="0.7" x:Top="0.75"/>
   </PageSetup>
   <Selected/>
   <ProtectObjects>False</ProtectObjects>
   <ProtectScenarios>False</ProtectScenarios>
  </WorksheetOptions>
 </Worksheet>
</Workbook>
